,loc
0,"[34.220389, 70.3800314]"
1,"[34.220389, 70.3800314]"
2,"[40.7127281, -74.0060152]"
3,"[40.7127281, -74.0060152]"
4,"[40.7896239, -73.9598939]"
5,"[40.72982535, -73.9607519781549]"
6,"[40.7127281, -74.0060152]"
7,"[40.6501038, -73.9495823]"
8,"[40.74123595, -73.356691165361]"
9,"[40.7127281, -74.0060152]"
10,"[34.220389, 70.3800314]"
11,"[34.220389, 70.3800314]"
12,"[40.7127281, -74.0060152]"
13,"[40.7127281, -74.0060152]"
14,"[40.7644002, -73.998863]"
15,"[34.220389, 70.3800314]"
16,"[40.7127281, -74.0060152]"
17,"[34.220389, 70.3800314]"
18,"[40.7524472, -73.9646461]"
19,"[40.7127281, -74.0060152]"
20,"[40.7127281, -74.0060152]"
21,"[34.220389, 70.3800314]"
22,"[40.7127281, -74.0060152]"
23,"[40.7127281, -74.0060152]"
24,"[40.7602435, -74.0028752]"
25,"[40.7127281, -74.0060152]"
26,"[40.7524472, -73.9646461]"
27,"[40.7127281, -74.0060152]"
28,"[34.220389, 70.3800314]"
29,"[40.7127281, -74.0060152]"
30,"[40.6524927, -73.7914214158161]"
31,"[34.220389, 70.3800314]"
32,"[40.7415237, -73.9571276]"
33,"[40.7896239, -73.9598939]"
34,"[34.220389, 70.3800314]"
35,"[34.220389, 70.3800314]"
36,"[40.7896239, -73.9598939]"
37,"[40.7127281, -74.0060152]"
38,"[34.220389, 70.3800314]"
39,"[40.7607161, -73.9669623]"
40,"[40.7607161, -73.9669623]"
41,"[40.7127281, -74.0060152]"
42,"[34.220389, 70.3800314]"
43,"[34.220389, 70.3800314]"
44,"[40.7493074, -73.9794185]"
45,"[40.7127281, -74.0060152]"
46,"[40.74123595, -73.356691165361]"
47,"[40.7644002, -73.998863]"
48,"[40.7127281, -74.0060152]"
49,"[40.7493074, -73.9794185]"
50,"[34.220389, 70.3800314]"
51,"[40.85048545, -73.8404035580209]"
52,"[34.220389, 70.3800314]"
53,"[40.7127281, -74.0060152]"
54,"[40.7127281, -74.0060152]"
55,"[34.220389, 70.3800314]"
56,"[34.220389, 70.3800314]"
57,"[40.7644002, -73.998863]"
58,"[34.220389, 70.3800314]"
59,"[40.6501038, -73.9495823]"
60,"[40.7127281, -74.0060152]"
61,"[40.7127281, -74.0060152]"
62,"[40.7493074, -73.9794185]"
63,"[34.220389, 70.3800314]"
64,"[34.220389, 70.3800314]"
65,"[40.7127281, -74.0060152]"
66,"[40.7127281, -74.0060152]"
67,"[40.7589594623532, -73.9795718759534]"
68,"[34.220389, 70.3800314]"
69,"[34.220389, 70.3800314]"
70,"[34.220389, 70.3800314]"
71,"[40.74123595, -73.356691165361]"
72,"[34.220389, 70.3800314]"
73,"[34.220389, 70.3800314]"
74,"[34.220389, 70.3800314]"
75,"[40.7555755, -73.97503]"
76,"[40.7524472, -73.9646461]"
77,"[40.7127281, -74.0060152]"
78,"[34.220389, 70.3800314]"
79,"[40.7392225, -73.97336]"
80,"[40.7127281, -74.0060152]"
81,"[40.7127281, -74.0060152]"
82,"[34.220389, 70.3800314]"
83,"[40.7127281, -74.0060152]"
84,"[34.220389, 70.3800314]"
85,"[40.7127281, -74.0060152]"
86,"[40.7896239, -73.9598939]"
87,"[34.220389, 70.3800314]"
88,"[40.7127281, -74.0060152]"
89,"[40.7127281, -74.0060152]"
90,"[40.7127281, -74.0060152]"
91,"[40.7127281, -74.0060152]"
92,"[40.72982535, -73.9607519781549]"
93,"[34.220389, 70.3800314]"
94,"[40.7392225, -73.97336]"
95,"[40.7127281, -74.0060152]"
96,"[40.74123595, -73.356691165361]"
97,"[40.7524472, -73.9646461]"
98,"[40.7127281, -74.0060152]"
99,"[40.7127281, -74.0060152]"
100,"[40.7503306739266, -73.9918982475797]"
101,"[34.220389, 70.3800314]"
102,"[40.74123595, -73.356691165361]"
103,"[40.7524472, -73.9646461]"
104,"[40.7127281, -74.0060152]"
105,"[40.7524472, -73.9646461]"
106,"[34.220389, 70.3800314]"
107,"[40.7127281, -74.0060152]"
108,"[34.220389, 70.3800314]"
109,"[40.7896239, -73.9598939]"
110,"[34.220389, 70.3800314]"
111,"[40.7127281, -74.0060152]"
112,"[40.74123595, -73.356691165361]"
113,"[40.74123595, -73.356691165361]"
114,"[40.7127281, -74.0060152]"
115,"[34.220389, 70.3800314]"
116,"[40.7524472, -73.9646461]"
117,"[40.7127281, -74.0060152]"
118,"[40.7127281, -74.0060152]"
119,"[34.220389, 70.3800314]"
120,"[40.74123595, -73.356691165361]"
121,"[40.74123595, -73.356691165361]"
122,"[40.74123595, -73.356691165361]"
123,"[40.7513470533201, -73.975136004133]"
124,"[34.220389, 70.3800314]"
125,"[40.7127281, -74.0060152]"
126,"[40.7602435, -74.0028752]"
127,"[40.74123595, -73.356691165361]"
128,"[40.74123595, -73.356691165361]"
129,"[40.7493074, -73.9794185]"
130,"[34.220389, 70.3800314]"
131,"[40.7127281, -74.0060152]"
132,"[34.220389, 70.3800314]"
133,"[34.220389, 70.3800314]"
134,"[40.74123595, -73.356691165361]"
135,"[40.7127281, -74.0060152]"
136,"[34.220389, 70.3800314]"
137,"[40.7127281, -74.0060152]"
138,"[40.7127281, -74.0060152]"
139,"[40.7127281, -74.0060152]"
140,"[34.220389, 70.3800314]"
141,"[34.220389, 70.3800314]"
142,"[34.220389, 70.3800314]"
143,"[34.220389, 70.3800314]"
144,"[40.74123595, -73.356691165361]"
145,"[34.220389, 70.3800314]"
146,"[40.7127281, -74.0060152]"
147,"[40.7589594623532, -73.9795718759534]"
148,"[40.7127281, -74.0060152]"
149,"[40.7127281, -74.0060152]"
150,"[40.7127281, -74.0060152]"
151,"[40.74123595, -73.356691165361]"
152,"[40.74123595, -73.356691165361]"
153,"[40.7555755, -73.97503]"
154,"[34.220389, 70.3800314]"
155,"[40.7127281, -74.0060152]"
156,"[34.220389, 70.3800314]"
157,"[40.7127281, -74.0060152]"
158,"[40.7127281, -74.0060152]"
159,"[34.220389, 70.3800314]"
160,"[40.7127281, -74.0060152]"
161,"[40.7127281, -74.0060152]"
162,"[34.220389, 70.3800314]"
163,"[40.7524472, -73.9646461]"
164,"[34.220389, 70.3800314]"
165,"[40.7524472, -73.9646461]"
166,"[40.7493074, -73.9794185]"
167,"[40.7736085280661, -73.9565074992354]"
168,"[40.7896239, -73.9598939]"
169,"[40.6501038, -73.9495823]"
170,"[40.7127281, -74.0060152]"
171,"[40.7127281, -74.0060152]"
172,"[40.7127281, -74.0060152]"
173,"[40.7127281, -74.0060152]"
174,"[40.7493074, -73.9794185]"
175,"[34.220389, 70.3800314]"
176,"[40.7607161, -73.9669623]"
177,"[40.7862724108575, -73.9756026854427]"
178,"[34.220389, 70.3800314]"
179,"[40.7127281, -74.0060152]"
180,"[40.7127281, -74.0060152]"
181,"[34.220389, 70.3800314]"
182,"[40.7896239, -73.9598939]"
183,"[40.7392225, -73.97336]"
184,"[40.6501038, -73.9495823]"
185,"[40.7127281, -74.0060152]"
186,"[40.7127281, -74.0060152]"
187,"[40.7127281, -74.0060152]"
188,"[40.7127281, -74.0060152]"
189,"[40.7127281, -74.0060152]"
190,"[40.7127281, -74.0060152]"
191,"[40.7896239, -73.9598939]"
192,"[40.7127281, -74.0060152]"
193,"[40.7127281, -74.0060152]"
194,"[40.7127281, -74.0060152]"
195,"[40.7127281, -74.0060152]"
196,"[40.754603, -73.9756765]"
197,"[40.7127281, -74.0060152]"
198,"[40.7392225, -73.97336]"
199,"[40.7555755, -73.97503]"
200,"[40.7127281, -74.0060152]"
201,"[40.6501038, -73.9495823]"
202,"[40.7484282571429, -73.9855041857143]"
203,"[40.7127281, -74.0060152]"
204,"[40.7127281, -74.0060152]"
205,"[34.220389, 70.3800314]"
206,"[34.220389, 70.3800314]"
207,"[40.6501038, -73.9495823]"
208,"[40.7127281, -74.0060152]"
209,"[40.7127281, -74.0060152]"
210,"[40.7127281, -74.0060152]"
211,"[34.220389, 70.3800314]"
212,"[40.72982535, -73.9607519781549]"
213,"[34.220389, 70.3800314]"
214,"[34.220389, 70.3800314]"
215,"[34.220389, 70.3800314]"
216,"[40.7555755, -73.97503]"
217,"[40.7127281, -74.0060152]"
218,"[40.7127281, -74.0060152]"
219,"[40.6501038, -73.9495823]"
220,"[34.220389, 70.3800314]"
221,"[40.7127281, -74.0060152]"
222,"[34.220389, 70.3800314]"
223,"[40.7896239, -73.9598939]"
224,"[40.7127281, -74.0060152]"
225,"[40.7644002, -73.998863]"
226,"[40.7415237, -73.9571276]"
227,"[34.220389, 70.3800314]"
228,"[40.7127281, -74.0060152]"
229,"[40.7127281, -74.0060152]"
230,"[34.220389, 70.3800314]"
231,"[40.7127281, -74.0060152]"
232,"[34.220389, 70.3800314]"
233,"[40.7644002, -73.998863]"
234,"[40.7127281, -74.0060152]"
235,"[40.74123595, -73.356691165361]"
236,"[40.7127281, -74.0060152]"
237,"[40.7513470533201, -73.975136004133]"
238,"[34.220389, 70.3800314]"
239,"[40.7127281, -74.0060152]"
240,"[40.7127281, -74.0060152]"
241,"[40.7127281, -74.0060152]"
242,"[34.220389, 70.3800314]"
243,"[34.220389, 70.3800314]"
244,"[40.85048545, -73.8404035580209]"
245,"[40.6524927, -73.7914214158161]"
246,"[40.6501038, -73.9495823]"
247,"[40.7127281, -74.0060152]"
248,"[40.7127281, -74.0060152]"
249,"[40.7127281, -74.0060152]"
250,"[40.7415237, -73.9571276]"
251,"[40.7127281, -74.0060152]"
252,"[40.74123595, -73.356691165361]"
253,"[40.7127281, -74.0060152]"
254,"[40.7127281, -74.0060152]"
255,"[40.7127281, -74.0060152]"
256,"[40.7127281, -74.0060152]"
257,"[40.7127281, -74.0060152]"
258,"[34.220389, 70.3800314]"
259,"[40.7602435, -74.0028752]"
260,"[34.220389, 70.3800314]"
261,"[40.7127281, -74.0060152]"
262,"[34.220389, 70.3800314]"
263,"[34.220389, 70.3800314]"
264,"[34.220389, 70.3800314]"
265,"[40.74123595, -73.356691165361]"
266,"[40.7127281, -74.0060152]"
267,"[40.74123595, -73.356691165361]"
268,"[40.7127281, -74.0060152]"
269,"[40.7695457, -74.0204177]"
270,"[40.7392225, -73.97336]"
271,"[40.7127281, -74.0060152]"
272,"[40.9554943188007, -73.8816135814794]"
273,"[40.7127281, -74.0060152]"
274,"[40.7127281, -74.0060152]"
275,"[34.220389, 70.3800314]"
276,"[40.7127281, -74.0060152]"
277,"[40.7602435, -74.0028752]"
278,"[40.8164458, -74.2210643]"
279,"[40.74123595, -73.356691165361]"
280,"[40.7127281, -74.0060152]"
281,"[40.7127281, -74.0060152]"
282,"[40.7607161, -73.9669623]"
283,"[40.7127281, -74.0060152]"
284,"[40.6524927, -73.7914214158161]"
285,"[40.85048545, -73.8404035580209]"
286,"[40.7415237, -73.9571276]"
287,"[40.7127281, -74.0060152]"
288,"[40.7127281, -74.0060152]"
289,"[40.7127281, -74.0060152]"
290,"[40.7978787, -73.6995749]"
291,"[40.7127281, -74.0060152]"
292,"[40.7127281, -74.0060152]"
293,"[34.220389, 70.3800314]"
294,"[40.7127281, -74.0060152]"
295,"[34.220389, 70.3800314]"
296,"[40.7127281, -74.0060152]"
297,"[40.7896239, -73.9598939]"
298,"[40.7493074, -73.9794185]"
299,"[40.7706572, -73.7176312]"
300,"[40.7127281, -74.0060152]"
301,"[40.7470463, -73.7115199]"
302,"[34.220389, 70.3800314]"
303,"[34.220389, 70.3800314]"
304,"[40.8578772, -74.4259866]"
305,"[40.7493074, -73.9794185]"
306,"[40.7127281, -74.0060152]"
307,"[34.220389, 70.3800314]"
308,"[40.7127281, -74.0060152]"
309,"[34.220389, 70.3800314]"
310,"[40.7644002, -73.998863]"
311,"[40.7127281, -74.0060152]"
312,"[40.7602435, -74.0028752]"
313,"[40.7127281, -74.0060152]"
314,"[40.6524927, -73.7914214158161]"
315,"[40.7127281, -74.0060152]"
316,"[34.220389, 70.3800314]"
317,"[40.8509333, -73.9701382]"
318,"[40.72982535, -73.9607519781549]"
319,"[40.74123595, -73.356691165361]"
320,"[34.220389, 70.3800314]"
321,"[40.6524927, -73.7914214158161]"
322,"[40.7899291, -74.0566735]"
323,"[40.7281575, -74.0776417]"
324,"[40.7524472, -73.9646461]"
325,"[40.7127281, -74.0060152]"
326,"[34.220389, 70.3800314]"
327,"[40.7127281, -74.0060152]"
328,"[40.7127281, -74.0060152]"
329,"[34.220389, 70.3800314]"
330,"[40.7127281, -74.0060152]"
331,"[34.220389, 70.3800314]"
332,"[40.7127281, -74.0060152]"
333,"[40.7607161, -73.9669623]"
334,"[34.220389, 70.3800314]"
335,"[40.7127281, -74.0060152]"
336,"[40.7392225, -73.97336]"
337,"[40.7524472, -73.9646461]"
338,"[40.75513875, -73.9759335]"
339,"[34.220389, 70.3800314]"
340,"[34.220389, 70.3800314]"
341,
342,"[40.74123595, -73.356691165361]"
343,"[40.7127281, -74.0060152]"
344,"[40.7127281, -74.0060152]"
345,"[40.7555755, -73.97503]"
346,"[40.7127281, -74.0060152]"
347,"[40.7644002, -73.998863]"
348,"[40.74123595, -73.356691165361]"
349,"[40.6501038, -73.9495823]"
350,"[34.220389, 70.3800314]"
351,"[40.7555755, -73.97503]"
352,"[40.7127281, -74.0060152]"
353,"[40.7127281, -74.0060152]"
354,"[40.7127281, -74.0060152]"
355,"[40.7127281, -74.0060152]"
356,"[34.220389, 70.3800314]"
357,"[40.7607161, -73.9669623]"
358,"[40.7644002, -73.998863]"
359,"[40.7127281, -74.0060152]"
360,"[34.220389, 70.3800314]"
361,"[40.7127281, -74.0060152]"
362,"[40.7602435, -74.0028752]"
363,"[34.220389, 70.3800314]"
364,"[34.220389, 70.3800314]"
365,"[40.7592198626712, -73.9778358750711]"
366,"[40.7127281, -74.0060152]"
367,"[34.220389, 70.3800314]"
368,"[40.72982535, -73.9607519781549]"
369,"[34.220389, 70.3800314]"
370,"[40.7127281, -74.0060152]"
371,"[34.220389, 70.3800314]"
372,"[40.7127281, -74.0060152]"
373,"[34.220389, 70.3800314]"
374,"[40.8157775, -73.951554]"
375,"[40.7127281, -74.0060152]"
376,"[40.7127281, -74.0060152]"
377,"[40.7644002, -73.998863]"
378,"[40.7484282571429, -73.9855041857143]"
379,"[40.7127281, -74.0060152]"
380,"[40.6524927, -73.7914214158161]"
381,"[34.220389, 70.3800314]"
382,"[40.7127281, -74.0060152]"
383,"[40.7127281, -74.0060152]"
384,"[40.7127281, -74.0060152]"
385,"[34.220389, 70.3800314]"
386,"[40.7127281, -74.0060152]"
387,"[40.7127281, -74.0060152]"
388,"[34.220389, 70.3800314]"
389,"[34.220389, 70.3800314]"
390,"[40.72982535, -73.9607519781549]"
391,"[34.220389, 70.3800314]"
392,"[40.7127281, -74.0060152]"
393,"[40.7127281, -74.0060152]"
394,"[34.220389, 70.3800314]"
395,
396,"[40.7589594623532, -73.9795718759534]"
397,"[40.7644002, -73.998863]"
398,"[34.220389, 70.3800314]"
399,"[40.7127281, -74.0060152]"
400,
401,"[40.7127281, -74.0060152]"
402,"[40.7127281, -74.0060152]"
403,"[40.7493074, -73.9794185]"
404,"[40.85048545, -73.8404035580209]"
405,"[40.7127281, -74.0060152]"
406,"[40.7607161, -73.9669623]"
407,"[40.7127281, -74.0060152]"
408,"[34.220389, 70.3800314]"
409,"[40.7607161, -73.9669623]"
410,"[40.7127281, -74.0060152]"
411,"[34.220389, 70.3800314]"
412,"[34.220389, 70.3800314]"
413,"[40.7127281, -74.0060152]"
414,"[40.7127281, -74.0060152]"
415,"[40.7127281, -74.0060152]"
416,"[40.7607161, -73.9669623]"
417,"[40.77851305, -73.9819370869743]"
418,"[40.72982535, -73.9607519781549]"
419,"[40.7127281, -74.0060152]"
420,"[40.7127281, -74.0060152]"
421,"[34.220389, 70.3800314]"
422,"[40.7579089, -73.9854044]"
423,"[34.220389, 70.3800314]"
424,"[40.7607161, -73.9669623]"
425,"[40.7127281, -74.0060152]"
426,"[40.7127281, -74.0060152]"
427,"[40.8058, -73.967835]"
428,"[40.7127281, -74.0060152]"
429,"[40.7607161, -73.9669623]"
430,"[40.7555755, -73.97503]"
431,"[34.220389, 70.3800314]"
432,"[40.7127281, -74.0060152]"
433,"[34.220389, 70.3800314]"
434,"[40.7127281, -74.0060152]"
435,"[40.7546485, -73.974771]"
436,"[40.74123595, -73.356691165361]"
437,"[40.7127281, -74.0060152]"
438,"[34.220389, 70.3800314]"
439,"[40.7127281, -74.0060152]"
440,"[40.7127281, -74.0060152]"
441,"[40.7579089, -73.9854044]"
442,"[40.7127281, -74.0060152]"
443,"[40.7127281, -74.0060152]"
444,"[40.7524472, -73.9646461]"
445,"[40.7127281, -74.0060152]"
446,"[40.7127281, -74.0060152]"
447,"[40.6524927, -73.7914214158161]"
448,"[40.7127281, -74.0060152]"
449,"[40.7127281, -74.0060152]"
450,"[40.7607161, -73.9669623]"
451,"[40.7607161, -73.9669623]"
452,"[40.6501038, -73.9495823]"
453,"[40.6501038, -73.9495823]"
454,"[34.220389, 70.3800314]"
455,"[40.7524472, -73.9646461]"
456,"[40.7127281, -74.0060152]"
457,"[34.220389, 70.3800314]"
458,"[40.7127281, -74.0060152]"
459,"[40.6524927, -73.7914214158161]"
460,"[40.72982535, -73.9607519781549]"
461,"[40.77851305, -73.9819370869743]"
462,"[40.7127281, -74.0060152]"
463,"[40.7896239, -73.9598939]"
464,"[40.7644002, -73.998863]"
465,"[40.7607161, -73.9669623]"
466,"[34.220389, 70.3800314]"
467,"[40.6524927, -73.7914214158161]"
468,"[40.7127281, -74.0060152]"
469,"[40.7127281, -74.0060152]"
470,"[40.7127281, -74.0060152]"
471,"[40.7127281, -74.0060152]"
472,"[40.7579089, -73.9854044]"
473,"[40.7896239, -73.9598939]"
474,"[40.7503306739266, -73.9918982475797]"
475,"[40.7127281, -74.0060152]"
476,"[40.7127281, -74.0060152]"
477,"[40.7602435, -74.0028752]"
478,"[40.7127281, -74.0060152]"
479,"[40.7392225, -73.97336]"
480,"[34.220389, 70.3800314]"
481,"[40.7127281, -74.0060152]"
482,"[40.7607161, -73.9669623]"
483,"[40.74123595, -73.356691165361]"
484,"[34.220389, 70.3800314]"
485,"[34.220389, 70.3800314]"
486,"[40.7127281, -74.0060152]"
487,"[40.7644002, -73.998863]"
488,"[40.7127281, -74.0060152]"
489,"[40.6524927, -73.7914214158161]"
490,"[40.7644002, -73.998863]"
491,"[34.220389, 70.3800314]"
492,"[40.7127281, -74.0060152]"
493,"[40.7127281, -74.0060152]"
494,"[40.7127281, -74.0060152]"
495,"[40.7607161, -73.9669623]"
496,"[40.7589594623532, -73.9795718759534]"
497,"[40.7644002, -73.998863]"
498,"[34.220389, 70.3800314]"
499,"[40.7589594623532, -73.9795718759534]"
500,"[34.220389, 70.3800314]"
501,"[40.7896239, -73.9598939]"
502,"[40.7592545, -73.9798434]"
503,"[40.7127281, -74.0060152]"
504,"[34.220389, 70.3800314]"
505,"[34.220389, 70.3800314]"
506,"[40.7607161, -73.9669623]"
507,"[40.7607161, -73.9669623]"
508,"[40.7127281, -74.0060152]"
509,"[40.7607161, -73.9669623]"
510,"[40.7127281, -74.0060152]"
511,"[40.7127281, -74.0060152]"
512,"[40.7127281, -74.0060152]"
513,"[40.74123595, -73.356691165361]"
514,"[40.7127281, -74.0060152]"
515,"[40.7127281, -74.0060152]"
516,"[40.7127281, -74.0060152]"
517,"[40.7127281, -74.0060152]"
518,"[40.7127281, -74.0060152]"
519,"[40.74123595, -73.356691165361]"
520,"[34.220389, 70.3800314]"
521,"[34.220389, 70.3800314]"
522,"[40.7127281, -74.0060152]"
523,"[40.7127281, -74.0060152]"
524,"[40.7127281, -74.0060152]"
525,"[40.7607161, -73.9669623]"
526,"[40.7415237, -73.9571276]"
527,"[40.7127281, -74.0060152]"
528,"[40.7555755, -73.97503]"
529,"[40.7127281, -74.0060152]"
530,"[34.220389, 70.3800314]"
531,"[40.7127281, -74.0060152]"
532,"[40.7415237, -73.9571276]"
533,"[34.220389, 70.3800314]"
534,"[40.7524472, -73.9646461]"
535,"[34.220389, 70.3800314]"
536,"[40.74123595, -73.356691165361]"
537,"[40.7127281, -74.0060152]"
538,"[40.7127281, -74.0060152]"
539,"[34.220389, 70.3800314]"
540,"[40.7644002, -73.998863]"
541,"[40.7127281, -74.0060152]"
542,"[40.6501038, -73.9495823]"
543,"[40.74123595, -73.356691165361]"
544,"[40.7607161, -73.9669623]"
545,"[40.7127281, -74.0060152]"
546,"[34.220389, 70.3800314]"
547,"[34.220389, 70.3800314]"
548,"[40.7127281, -74.0060152]"
549,"[40.7127281, -74.0060152]"
550,"[40.7127281, -74.0060152]"
551,"[40.7127281, -74.0060152]"
552,"[34.220389, 70.3800314]"
553,"[40.7127281, -74.0060152]"
554,"[40.7127281, -74.0060152]"
555,"[40.7607161, -73.9669623]"
556,"[40.7127281, -74.0060152]"
557,"[40.7127281, -74.0060152]"
558,"[34.220389, 70.3800314]"
559,"[40.7644002, -73.998863]"
560,"[34.220389, 70.3800314]"
561,"[40.7127281, -74.0060152]"
562,"[40.7127281, -74.0060152]"
563,"[40.7127281, -74.0060152]"
564,"[40.74123595, -73.356691165361]"
565,"[40.7546485, -73.974771]"
566,"[40.7127281, -74.0060152]"
567,"[34.220389, 70.3800314]"
568,"[40.7127281, -74.0060152]"
569,"[40.7602435, -74.0028752]"
570,"[40.7127281, -74.0060152]"
571,"[34.220389, 70.3800314]"
572,"[40.7127281, -74.0060152]"
573,"[40.7524472, -73.9646461]"
574,"[40.7127281, -74.0060152]"
575,"[40.7607161, -73.9669623]"
576,"[40.74123595, -73.356691165361]"
577,"[40.6501038, -73.9495823]"
578,"[40.7644002, -73.998863]"
579,"[40.7607161, -73.9669623]"
580,"[34.220389, 70.3800314]"
581,"[40.7127281, -74.0060152]"
582,"[40.7127281, -74.0060152]"
583,"[34.220389, 70.3800314]"
584,"[40.7127281, -74.0060152]"
585,"[40.7415237, -73.9571276]"
586,"[40.7127281, -74.0060152]"
587,"[40.7896239, -73.9598939]"
588,"[34.220389, 70.3800314]"
589,"[40.7127281, -74.0060152]"
590,"[40.7127281, -74.0060152]"
591,"[40.7127281, -74.0060152]"
592,"[40.72982535, -73.9607519781549]"
593,"[40.7127281, -74.0060152]"
594,"[40.7127281, -74.0060152]"
595,"[34.220389, 70.3800314]"
596,"[40.6501038, -73.9495823]"
597,"[40.7127281, -74.0060152]"
598,"[40.7127281, -74.0060152]"
599,"[40.7127281, -74.0060152]"
600,"[34.220389, 70.3800314]"
601,"[34.220389, 70.3800314]"
602,"[34.220389, 70.3800314]"
603,"[40.7602435, -74.0028752]"
604,"[40.7896239, -73.9598939]"
605,"[40.7127281, -74.0060152]"
606,"[40.7127281, -74.0060152]"
607,"[40.7127281, -74.0060152]"
608,"[40.7127281, -74.0060152]"
609,"[34.220389, 70.3800314]"
610,"[34.220389, 70.3800314]"
611,"[34.220389, 70.3800314]"
612,"[40.7127281, -74.0060152]"
613,"[40.7127281, -74.0060152]"
614,"[40.7127281, -74.0060152]"
615,"[40.7896239, -73.9598939]"
616,"[40.7127281, -74.0060152]"
617,"[34.220389, 70.3800314]"
618,"[40.7127281, -74.0060152]"
619,"[40.7127281, -74.0060152]"
620,"[40.7127281, -74.0060152]"
621,"[40.7546485, -73.974771]"
622,"[40.7127281, -74.0060152]"
623,"[40.7127281, -74.0060152]"
624,"[34.220389, 70.3800314]"
625,"[40.7493074, -73.9794185]"
626,"[40.7392225, -73.97336]"
627,"[40.7127281, -74.0060152]"
628,"[34.220389, 70.3800314]"
629,"[40.7127281, -74.0060152]"
630,"[34.220389, 70.3800314]"
631,"[40.7127281, -74.0060152]"
632,"[40.7127281, -74.0060152]"
633,"[34.220389, 70.3800314]"
634,"[34.220389, 70.3800314]"
635,"[40.7127281, -74.0060152]"
636,"[40.72982535, -73.9607519781549]"
637,"[40.7127281, -74.0060152]"
638,"[40.7127281, -74.0060152]"
639,"[40.7484282571429, -73.9855041857143]"
640,"[40.7602435, -74.0028752]"
641,"[40.74123595, -73.356691165361]"
642,"[40.7127281, -74.0060152]"
643,"[40.7127281, -74.0060152]"
644,"[40.7127281, -74.0060152]"
645,"[40.7602435, -74.0028752]"
646,"[34.220389, 70.3800314]"
647,"[40.7127281, -74.0060152]"
648,"[40.7127281, -74.0060152]"
649,"[34.220389, 70.3800314]"
650,"[40.7644002, -73.998863]"
651,"[40.7555755, -73.97503]"
652,"[40.7896239, -73.9598939]"
653,"[40.7127281, -74.0060152]"
654,"[40.7127281, -74.0060152]"
655,"[40.7127281, -74.0060152]"
656,"[40.7127281, -74.0060152]"
657,"[40.7127281, -74.0060152]"
658,"[40.7127281, -74.0060152]"
659,"[40.7127281, -74.0060152]"
660,"[34.220389, 70.3800314]"
661,"[34.220389, 70.3800314]"
662,"[34.220389, 70.3800314]"
663,"[40.77851305, -73.9819370869743]"
664,"[40.7127281, -74.0060152]"
665,"[40.7392225, -73.97336]"
666,"[40.72982535, -73.9607519781549]"
667,"[34.220389, 70.3800314]"
668,"[40.72982535, -73.9607519781549]"
669,"[40.7127281, -74.0060152]"
670,"[40.7127281, -74.0060152]"
671,"[40.7127281, -74.0060152]"
672,"[40.7127281, -74.0060152]"
673,"[40.7607161, -73.9669623]"
674,"[40.7127281, -74.0060152]"
675,"[40.7127281, -74.0060152]"
676,"[40.7127281, -74.0060152]"
677,"[40.7127281, -74.0060152]"
678,"[34.220389, 70.3800314]"
679,"[40.74123595, -73.356691165361]"
680,"[34.220389, 70.3800314]"
681,"[40.7127281, -74.0060152]"
682,"[40.7127281, -74.0060152]"
683,"[40.7127281, -74.0060152]"
684,"[40.7127281, -74.0060152]"
685,"[40.7579089, -73.9854044]"
686,"[40.7127281, -74.0060152]"
687,"[40.7127281, -74.0060152]"
688,"[40.7127281, -74.0060152]"
689,"[40.72982535, -73.9607519781549]"
690,"[34.220389, 70.3800314]"
691,"[40.7607161, -73.9669623]"
692,"[40.7127281, -74.0060152]"
693,"[34.220389, 70.3800314]"
694,"[40.7127281, -74.0060152]"
695,"[40.74123595, -73.356691165361]"
696,"[40.7607161, -73.9669623]"
697,"[40.7127281, -74.0060152]"
698,"[34.220389, 70.3800314]"
699,"[40.7127281, -74.0060152]"
700,"[40.7127281, -74.0060152]"
701,"[40.74123595, -73.356691165361]"
702,"[34.220389, 70.3800314]"
703,"[40.7644002, -73.998863]"
704,"[40.74123595, -73.356691165361]"
705,"[34.220389, 70.3800314]"
706,"[40.7524472, -73.9646461]"
707,"[34.220389, 70.3800314]"
708,"[34.220389, 70.3800314]"
709,"[40.7644002, -73.998863]"
710,"[40.7127281, -74.0060152]"
711,"[40.7127281, -74.0060152]"
712,"[40.7127281, -74.0060152]"
713,"[40.74123595, -73.356691165361]"
714,"[40.7127281, -74.0060152]"
715,"[40.7127281, -74.0060152]"
716,"[40.7644002, -73.998863]"
717,"[40.7127281, -74.0060152]"
718,"[40.7127281, -74.0060152]"
719,"[40.7644002, -73.998863]"
720,"[40.7127281, -74.0060152]"
721,"[40.7644002, -73.998863]"
722,"[40.7127281, -74.0060152]"
723,"[40.6501038, -73.9495823]"
724,"[40.7127281, -74.0060152]"
725,"[40.7896239, -73.9598939]"
726,"[40.6524927, -73.7914214158161]"
727,"[34.220389, 70.3800314]"
728,"[34.220389, 70.3800314]"
729,"[40.7127281, -74.0060152]"
730,"[40.74123595, -73.356691165361]"
731,"[40.7127281, -74.0060152]"
732,"[40.7127281, -74.0060152]"
733,"[40.74123595, -73.356691165361]"
734,"[34.220389, 70.3800314]"
735,"[40.7127281, -74.0060152]"
736,"[34.220389, 70.3800314]"
737,"[40.7127281, -74.0060152]"
738,"[34.220389, 70.3800314]"
739,"[34.220389, 70.3800314]"
740,"[34.220389, 70.3800314]"
741,"[40.7127281, -74.0060152]"
742,"[40.74123595, -73.356691165361]"
743,"[34.220389, 70.3800314]"
744,"[40.7127281, -74.0060152]"
745,"[40.7127281, -74.0060152]"
746,"[40.7524472, -73.9646461]"
747,"[40.74123595, -73.356691165361]"
748,"[40.7127281, -74.0060152]"
749,"[34.220389, 70.3800314]"
750,"[40.7579089, -73.9854044]"
751,"[40.7127281, -74.0060152]"
752,"[40.7524472, -73.9646461]"
753,"[40.7127281, -74.0060152]"
754,"[40.7127281, -74.0060152]"
755,"[40.7127281, -74.0060152]"
756,"[40.7127281, -74.0060152]"
757,"[40.7127281, -74.0060152]"
758,"[40.7644002, -73.998863]"
759,"[34.220389, 70.3800314]"
760,"[40.72982535, -73.9607519781549]"
761,"[40.7978787, -73.6995749]"
762,"[40.9115386, -73.7826363]"
763,"[40.7896239, -73.9598939]"
764,"[34.220389, 70.3800314]"
765,"[34.220389, 70.3800314]"
766,"[40.754603, -73.9756765]"
767,"[40.74123595, -73.356691165361]"
768,"[40.7127281, -74.0060152]"
769,"[40.7127281, -74.0060152]"
770,"[40.7127281, -74.0060152]"
771,"[40.7415237, -73.9571276]"
772,"[34.220389, 70.3800314]"
773,"[40.7127281, -74.0060152]"
774,"[34.220389, 70.3800314]"
775,"[34.220389, 70.3800314]"
776,"[34.220389, 70.3800314]"
777,"[40.7127281, -74.0060152]"
778,"[34.220389, 70.3800314]"
779,"[40.7127281, -74.0060152]"
780,"[34.220389, 70.3800314]"
781,"[34.220389, 70.3800314]"
782,"[34.220389, 70.3800314]"
783,"[40.7415237, -73.9571276]"
784,"[34.220389, 70.3800314]"
785,"[40.6501038, -73.9495823]"
786,"[34.220389, 70.3800314]"
787,"[40.7524472, -73.9646461]"
788,"[40.7127281, -74.0060152]"
789,"[40.7127281, -74.0060152]"
790,"[34.220389, 70.3800314]"
791,"[40.7127281, -74.0060152]"
792,"[40.7127281, -74.0060152]"
793,"[40.6501038, -73.9495823]"
794,"[34.220389, 70.3800314]"
795,"[34.220389, 70.3800314]"
796,"[40.7602435, -74.0028752]"
797,"[40.7579089, -73.9854044]"
798,"[34.220389, 70.3800314]"
799,"[40.7127281, -74.0060152]"
800,"[40.72982535, -73.9607519781549]"
801,"[40.7602435, -74.0028752]"
802,"[40.7127281, -74.0060152]"
803,"[40.7127281, -74.0060152]"
804,"[40.7127281, -74.0060152]"
805,"[40.7579089, -73.9854044]"
806,"[40.7127281, -74.0060152]"
807,"[40.72982535, -73.9607519781549]"
808,"[40.7127281, -74.0060152]"
809,"[40.72982535, -73.9607519781549]"
810,"[40.7127281, -74.0060152]"
811,"[40.72982535, -73.9607519781549]"
812,"[40.7896239, -73.9598939]"
813,"[40.7127281, -74.0060152]"
814,"[34.220389, 70.3800314]"
815,"[40.7127281, -74.0060152]"
816,"[40.6501038, -73.9495823]"
817,"[40.7493074, -73.9794185]"
818,"[40.7493074, -73.9794185]"
819,"[40.7127281, -74.0060152]"
820,"[34.220389, 70.3800314]"
821,"[40.72982535, -73.9607519781549]"
822,"[40.7127281, -74.0060152]"
823,"[40.7127281, -74.0060152]"
824,"[40.7127281, -74.0060152]"
825,"[40.7127281, -74.0060152]"
826,"[40.7493074, -73.9794185]"
827,"[40.7127281, -74.0060152]"
828,"[40.7127281, -74.0060152]"
829,"[40.72982535, -73.9607519781549]"
830,"[40.7127281, -74.0060152]"
831,"[40.7524472, -73.9646461]"
832,"[34.220389, 70.3800314]"
833,"[40.7127281, -74.0060152]"
834,"[34.220389, 70.3800314]"
835,"[34.220389, 70.3800314]"
836,"[40.7127281, -74.0060152]"
837,"[40.7127281, -74.0060152]"
838,"[40.7127281, -74.0060152]"
839,"[40.74123595, -73.356691165361]"
840,"[40.7524472, -73.9646461]"
841,"[40.7524472, -73.9646461]"
842,"[40.7644002, -73.998863]"
843,"[40.74123595, -73.356691165361]"
844,"[34.220389, 70.3800314]"
845,"[40.7524472, -73.9646461]"
846,"[40.85048545, -73.8404035580209]"
847,"[34.220389, 70.3800314]"
848,"[40.7127281, -74.0060152]"
849,"[40.6501038, -73.9495823]"
850,"[40.6501038, -73.9495823]"
851,"[40.7127281, -74.0060152]"
852,"[34.220389, 70.3800314]"
853,"[40.7127281, -74.0060152]"
854,"[40.7607161, -73.9669623]"
855,"[40.7127281, -74.0060152]"
856,"[40.7127281, -74.0060152]"
857,"[40.7127281, -74.0060152]"
858,"[34.220389, 70.3800314]"
859,"[40.7127281, -74.0060152]"
860,"[40.7127281, -74.0060152]"
861,"[40.7127281, -74.0060152]"
862,"[40.7644002, -73.998863]"
863,"[40.7127281, -74.0060152]"
864,"[40.7127281, -74.0060152]"
865,"[40.74123595, -73.356691165361]"
866,"[40.7127281, -74.0060152]"
867,"[40.7127281, -74.0060152]"
868,"[34.220389, 70.3800314]"
869,"[40.7392225, -73.97336]"
870,"[40.7127281, -74.0060152]"
871,"[40.6914852, -73.8056771]"
872,"[40.6524927, -73.7914214158161]"
873,"[40.7810178, -73.959299675]"
874,"[40.7127281, -74.0060152]"
875,"[40.6914852, -73.8056771]"
876,"[40.7127281, -74.0060152]"
877,"[40.7127281, -74.0060152]"
878,"[40.7127281, -74.0060152]"
879,"[40.6914852, -73.8056771]"
880,"[40.7127281, -74.0060152]"
881,"[40.7896239, -73.9598939]"
882,"[40.74123595, -73.356691165361]"
883,"[40.7896239, -73.9598939]"
884,"[40.74123595, -73.356691165361]"
885,"[40.74123595, -73.356691165361]"
886,"[40.7896239, -73.9598939]"
887,"[34.220389, 70.3800314]"
888,"[34.220389, 70.3800314]"
889,"[40.7607161, -73.9669623]"
890,"[40.7127281, -74.0060152]"
891,"[40.7127281, -74.0060152]"
892,"[40.7524472, -73.9646461]"
893,"[34.220389, 70.3800314]"
894,"[40.7127281, -74.0060152]"
895,"[40.7644002, -73.998863]"
896,"[40.74123595, -73.356691165361]"
897,"[40.7127281, -74.0060152]"
898,"[40.74123595, -73.356691165361]"
899,"[40.7127281, -74.0060152]"
900,"[40.7127281, -74.0060152]"
901,"[40.7127281, -74.0060152]"
902,"[40.7127281, -74.0060152]"
903,"[40.7127281, -74.0060152]"
904,"[40.7896239, -73.9598939]"
905,"[40.7602435, -74.0028752]"
906,"[40.7579089, -73.9854044]"
907,"[40.7127281, -74.0060152]"
908,"[40.7579089, -73.9854044]"
909,"[40.735657, -74.1723667]"
910,"[40.7127281, -74.0060152]"
911,"[40.7127281, -74.0060152]"
912,"[34.220389, 70.3800314]"
913,"[34.220389, 70.3800314]"
914,"[40.7127281, -74.0060152]"
915,"[40.7127281, -74.0060152]"
916,"[34.220389, 70.3800314]"
917,"[40.7127281, -74.0060152]"
918,"[40.7127281, -74.0060152]"
919,"[40.7127281, -74.0060152]"
920,"[40.7127281, -74.0060152]"
921,"[34.220389, 70.3800314]"
922,"[40.8088437, -73.9658566]"
923,"[34.220389, 70.3800314]"
924,"[40.7127281, -74.0060152]"
925,"[40.7127281, -74.0060152]"
926,"[40.6524927, -73.7914214158161]"
927,"[34.220389, 70.3800314]"
928,"[40.7127281, -74.0060152]"
929,"[40.7127281, -74.0060152]"
930,"[40.7127281, -74.0060152]"
931,"[34.220389, 70.3800314]"
932,"[40.7127281, -74.0060152]"
933,"[34.220389, 70.3800314]"
934,"[34.220389, 70.3800314]"
935,"[40.7592545, -73.9798434]"
936,"[34.220389, 70.3800314]"
937,"[34.220389, 70.3800314]"
938,"[40.7127281, -74.0060152]"
939,"[40.7579089, -73.9854044]"
940,"[40.7127281, -74.0060152]"
941,"[34.220389, 70.3800314]"
942,"[34.220389, 70.3800314]"
943,"[40.7127281, -74.0060152]"
944,"[40.72982535, -73.9607519781549]"
945,"[40.7579089, -73.9854044]"
946,"[40.7493074, -73.9794185]"
947,"[34.220389, 70.3800314]"
948,"[40.7127281, -74.0060152]"
949,"[40.7493074, -73.9794185]"
950,"[40.7493074, -73.9794185]"
951,"[40.7513470533201, -73.975136004133]"
952,"[40.7392225, -73.97336]"
953,"[40.72982535, -73.9607519781549]"
954,"[34.220389, 70.3800314]"
955,"[34.220389, 70.3800314]"
956,"[34.220389, 70.3800314]"
957,"[40.74123595, -73.356691165361]"
958,"[34.220389, 70.3800314]"
959,"[34.220389, 70.3800314]"
960,"[34.220389, 70.3800314]"
961,"[34.220389, 70.3800314]"
962,"[40.72982535, -73.9607519781549]"
963,"[40.7579089, -73.9854044]"
964,"[40.7607965, -73.979648]"
965,"[40.7896239, -73.9598939]"
966,"[40.7127281, -74.0060152]"
967,"[40.7392225, -73.97336]"
968,"[40.7127281, -74.0060152]"
969,"[34.220389, 70.3800314]"
970,"[40.7513470533201, -73.975136004133]"
971,"[40.7127281, -74.0060152]"
972,"[40.74123595, -73.356691165361]"
973,"[40.7127281, -74.0060152]"
974,"[40.7127281, -74.0060152]"
975,"[40.7127281, -74.0060152]"
976,"[40.72293705, -73.8622065151304]"
977,"[40.7607965, -73.979648]"
978,"[40.7127281, -74.0060152]"
979,"[40.7127281, -74.0060152]"
980,"[40.7607965, -73.979648]"
981,"[40.7127281, -74.0060152]"
982,"[34.220389, 70.3800314]"
983,"[40.7127281, -74.0060152]"
984,"[40.7127281, -74.0060152]"
985,"[40.7607965, -73.979648]"
986,"[40.7127281, -74.0060152]"
987,"[40.7127281, -74.0060152]"
988,"[40.7607965, -73.979648]"
989,"[40.7579089, -73.9854044]"
990,"[40.7127281, -74.0060152]"
991,"[40.7607965, -73.979648]"
992,"[40.7127281, -74.0060152]"
993,"[40.7579089, -73.9854044]"
994,"[34.220389, 70.3800314]"
995,"[34.220389, 70.3800314]"
996,"[34.220389, 70.3800314]"
997,"[34.220389, 70.3800314]"
998,"[34.220389, 70.3800314]"
999,"[40.74123595, -73.356691165361]"
1000,"[41.0762077, -73.8587461]"
1001,"[34.220389, 70.3800314]"
1002,"[34.220389, 70.3800314]"
1003,"[40.7578656, -73.9723107]"
1004,"[34.220389, 70.3800314]"
1005,"[40.7493074, -73.9794185]"
1006,"[40.74123595, -73.356691165361]"
1007,"[40.7127281, -74.0060152]"
1008,"[40.7602435, -74.0028752]"
1009,"[34.220389, 70.3800314]"
1010,"[40.7590924971735, -73.9736382465558]"
1011,"[40.7127281, -74.0060152]"
1012,"[34.220389, 70.3800314]"
1013,"[40.7493074, -73.9794185]"
1014,"[40.74123595, -73.356691165361]"
1015,"[40.72982535, -73.9607519781549]"
1016,"[40.7607161, -73.9669623]"
1017,"[40.7415237, -73.9571276]"
1018,"[40.7607161, -73.9669623]"
1019,"[40.5773266, -74.2282005]"
1020,"[40.7896239, -73.9598939]"
1021,"[34.220389, 70.3800314]"
1022,"[40.7127281, -74.0060152]"
1023,"[40.7127281, -74.0060152]"
1024,"[40.6501038, -73.9495823]"
1025,"[34.220389, 70.3800314]"
1026,"[40.7127281, -74.0060152]"
1027,"[40.6501038, -73.9495823]"
1028,"[34.220389, 70.3800314]"
1029,"[34.220389, 70.3800314]"
1030,"[40.7607161, -73.9669623]"
1031,"[34.220389, 70.3800314]"
1032,"[34.220389, 70.3800314]"
1033,"[34.220389, 70.3800314]"
1034,"[34.220389, 70.3800314]"
1035,"[40.7127281, -74.0060152]"
1036,"[40.7896239, -73.9598939]"
1037,"[34.220389, 70.3800314]"
1038,"[34.220389, 70.3800314]"
1039,"[34.220389, 70.3800314]"
1040,"[40.7127281, -74.0060152]"
1041,"[34.220389, 70.3800314]"
1042,"[40.7127281, -74.0060152]"
1043,"[34.220389, 70.3800314]"
1044,"[40.7127281, -74.0060152]"
1045,"[40.7127281, -74.0060152]"
1046,"[40.74123595, -73.356691165361]"
1047,"[40.7127281, -74.0060152]"
1048,"[40.7524472, -73.9646461]"
1049,"[40.7127281, -74.0060152]"
1050,"[40.7127281, -74.0060152]"
1051,"[40.8859326, -74.0434736]"
1052,"[40.7352157, -73.6883239]"
1053,"[34.220389, 70.3800314]"
1054,"[34.220389, 70.3800314]"
1055,"[40.7127281, -74.0060152]"
1056,"[34.220389, 70.3800314]"
1057,"[40.7127281, -74.0060152]"
1058,"[40.7415237, -73.9571276]"
1059,"[34.220389, 70.3800314]"
1060,"[40.7127281, -74.0060152]"
1061,"[40.7607161, -73.9669623]"
1062,"[40.6501038, -73.9495823]"
1063,"[40.7415237, -73.9571276]"
1064,"[34.220389, 70.3800314]"
1065,"[40.7524472, -73.9646461]"
1066,"[40.7644002, -73.998863]"
1067,"[34.220389, 70.3800314]"
1068,"[40.6501038, -73.9495823]"
1069,"[34.220389, 70.3800314]"
1070,"[34.220389, 70.3800314]"
1071,"[40.7127281, -74.0060152]"
1072,"[34.220389, 70.3800314]"
1073,"[40.7127281, -74.0060152]"
1074,"[40.74123595, -73.356691165361]"
1075,"[34.220389, 70.3800314]"
1076,"[40.74123595, -73.356691165361]"
1077,"[40.7513470533201, -73.975136004133]"
1078,"[40.7127281, -74.0060152]"
1079,"[34.220389, 70.3800314]"
1080,"[34.220389, 70.3800314]"
1081,"[34.220389, 70.3800314]"
1082,"[40.7607161, -73.9669623]"
1083,"[40.7579089, -73.9854044]"
1084,"[40.6501038, -73.9495823]"
1085,"[40.7127281, -74.0060152]"
1086,"[40.6501038, -73.9495823]"
1087,"[40.7578656, -73.9723107]"
1088,"[40.7127281, -74.0060152]"
1089,"[40.6501038, -73.9495823]"
1090,"[40.7578656, -73.9723107]"
1091,"[34.220389, 70.3800314]"
1092,"[40.6501038, -73.9495823]"
1093,"[40.7127281, -74.0060152]"
1094,"[34.220389, 70.3800314]"
1095,"[40.6501038, -73.9495823]"
1096,"[34.220389, 70.3800314]"
1097,"[40.6524927, -73.7914214158161]"
1098,"[40.85048545, -73.8404035580209]"
1099,"[40.74123595, -73.356691165361]"
1100,"[40.6524927, -73.7914214158161]"
1101,"[40.7607161, -73.9669623]"
1102,"[40.7524472, -73.9646461]"
1103,"[40.7524472, -73.9646461]"
1104,"[40.7127281, -74.0060152]"
1105,"[40.7127281, -74.0060152]"
1106,"[40.7644002, -73.998863]"
1107,"[40.74123595, -73.356691165361]"
1108,"[34.220389, 70.3800314]"
1109,"[34.220389, 70.3800314]"
1110,"[40.7127281, -74.0060152]"
1111,"[40.85048545, -73.8404035580209]"
1112,"[40.7978787, -73.6995749]"
1113,"[34.220389, 70.3800314]"
1114,"[40.7127281, -74.0060152]"
1115,"[40.7127281, -74.0060152]"
1116,"[40.7127281, -74.0060152]"
1117,"[40.7127281, -74.0060152]"
1118,"[40.7127281, -74.0060152]"
1119,"[40.7127281, -74.0060152]"
1120,"[40.7127281, -74.0060152]"
1121,"[40.74123595, -73.356691165361]"
1122,"[40.7127281, -74.0060152]"
1123,"[34.220389, 70.3800314]"
1124,"[34.220389, 70.3800314]"
1125,"[40.7127281, -74.0060152]"
1126,"[40.7590924971735, -73.9736382465558]"
1127,
1128,"[34.220389, 70.3800314]"
1129,"[40.7127281, -74.0060152]"
1130,"[34.220389, 70.3800314]"
1131,"[34.220389, 70.3800314]"
1132,"[40.7127281, -74.0060152]"
1133,"[40.7392225, -73.97336]"
1134,"[40.7810178, -73.959299675]"
1135,"[40.7127281, -74.0060152]"
1136,"[40.7524472, -73.9646461]"
1137,"[40.8157775, -73.951554]"
1138,"[40.7127281, -74.0060152]"
1139,"[40.7607161, -73.9669623]"
1140,"[40.72982535, -73.9607519781549]"
1141,"[34.220389, 70.3800314]"
1142,"[41.0762077, -73.8587461]"
1143,"[34.220389, 70.3800314]"
1144,"[40.7127281, -74.0060152]"
1145,"[40.7127281, -74.0060152]"
1146,"[40.74123595, -73.356691165361]"
1147,"[40.7127281, -74.0060152]"
1148,"[40.7127281, -74.0060152]"
1149,"[40.74123595, -73.356691165361]"
1150,"[40.7127281, -74.0060152]"
