,y_min,y_max,y_pred_min,y_pred_max
0,14000.0,101000.0,14987.089,100726.34
1,25000.0,146000.0,35041.48,112626.27
2,27000.0,53000.0,34551.93,67096.336
3,29000.0,55000.0,42099.113,81706.35
4,30000.0,63000.0,32234.83,65089.33
5,30000.0,50000.0,46265.805,83369.7
6,33000.0,71000.0,49140.918,81142.664
7,33000.0,56000.0,52310.516,89137.05
8,33000.0,55000.0,45187.754,80158.11
9,34000.0,55000.0,51523.28,85760.03
10,34000.0,65000.0,35338.074,71457.945
11,34000.0,68000.0,49069.957,86554.8
12,34000.0,56000.0,50906.426,86872.086
14,34000.0,66000.0,53598.734,91965.24
15,35000.0,57000.0,43369.633,71191.68
16,35000.0,73000.0,43952.13,77963.4
17,35000.0,57000.0,37415.793,64152.773
18,35000.0,74000.0,34565.918,71288.04
19,36000.0,57000.0,48935.117,86662.78
20,36000.0,62000.0,46360.008,80543.47
21,36000.0,59000.0,38615.2,74021.36
22,36000.0,56000.0,36275.273,58616.27
23,36000.0,51000.0,40288.49,72980.02
24,36000.0,59000.0,33347.035,60551.965
25,36000.0,61000.0,49774.37,76298.69
27,36000.0,68000.0,49605.004,86992.46
28,37000.0,58000.0,39446.133,65035.605
29,37000.0,57000.0,38074.15,67524.72
30,37000.0,68000.0,48440.875,85622.43
31,37000.0,57000.0,46600.582,79552.75
32,37000.0,61000.0,43513.652,75929.37
33,37000.0,75000.0,37265.496,77995.68
34,37000.0,62000.0,48686.39,80007.89
36,37000.0,61000.0,47102.88,77929.06
37,38000.0,73000.0,49131.207,85157.47
38,38000.0,62000.0,43155.098,90129.34
39,38000.0,60000.0,38595.523,61842.305
40,38000.0,63000.0,39644.027,67820.664
41,38000.0,65000.0,41649.594,76527.47
42,38000.0,61000.0,49605.004,86992.46
43,38000.0,60000.0,36411.914,59456.746
44,38000.0,62000.0,48459.7,76989.55
45,38000.0,58000.0,48713.78,79772.5
46,38000.0,69000.0,58007.516,99483.22
47,38000.0,64000.0,47344.52,82379.79
49,38000.0,74000.0,43979.773,76315.18
51,38000.0,64000.0,48827.855,81593.94
53,38000.0,82000.0,44204.86,83579.0
54,39000.0,73000.0,50826.918,80613.97
55,39000.0,64000.0,40936.59,66928.89
56,39000.0,66000.0,60635.49,102596.47
57,39000.0,74000.0,49890.957,88569.96
58,39000.0,63000.0,49069.957,86554.8
60,39000.0,73000.0,51899.8,88320.59
61,39000.0,65000.0,48809.16,94007.47
62,39000.0,77000.0,55752.707,91999.555
63,39000.0,73000.0,46645.145,83329.54
64,39000.0,70000.0,45319.805,81626.19
65,39000.0,65000.0,42791.902,73987.94
66,39000.0,72000.0,47159.49,82718.1
67,39000.0,73000.0,48110.465,84205.266
68,39000.0,71000.0,51557.668,87694.85
70,39000.0,67000.0,52695.055,86783.47
72,40000.0,65000.0,49010.844,82260.1
73,40000.0,74000.0,59331.375,81873.33
74,40000.0,72000.0,49605.004,86992.46
75,40000.0,65000.0,51464.113,88448.3
76,40000.0,62000.0,50568.223,87783.016
77,40000.0,67000.0,41305.707,67001.82
78,40000.0,67000.0,46785.61,76659.55
80,40000.0,66000.0,49297.59,83896.63
81,40000.0,71000.0,44136.004,76467.805
82,40000.0,64000.0,49334.56,85366.95
83,40000.0,64000.0,48758.414,77787.0
85,41000.0,70000.0,52035.844,90108.29
86,41000.0,77000.0,48859.64,89894.945
87,41000.0,77000.0,54047.758,92130.61
88,41000.0,63000.0,50698.023,83633.14
89,41000.0,60000.0,48995.47,85050.55
90,41000.0,60000.0,51961.355,89477.49
91,41000.0,66000.0,44699.258,75186.484
92,41000.0,65000.0,48975.035,81573.61
93,41000.0,83000.0,53331.7,87286.27
96,41000.0,60000.0,50013.965,87722.55
97,41000.0,85000.0,45294.766,86467.914
98,41000.0,73000.0,51557.668,87694.85
99,41000.0,77000.0,46771.88,85085.97
100,41000.0,79000.0,49069.957,86554.8
101,41000.0,60000.0,48081.438,79006.13
102,41000.0,73000.0,48595.273,81978.805
103,41000.0,65000.0,50252.023,77965.79
104,41000.0,79000.0,52498.902,92472.63
105,41000.0,73000.0,45381.215,82050.63
106,41000.0,63000.0,51737.344,89164.97
107,41000.0,73000.0,47262.234,87818.28
108,41000.0,73000.0,43035.664,74245.6
109,41000.0,74000.0,52020.883,88921.086
110,41000.0,68000.0,49069.957,86554.8
111,42000.0,79000.0,46161.914,87302.484
112,42000.0,75000.0,42870.188,83634.46
113,42000.0,70000.0,49124.105,87403.91
114,42000.0,87000.0,49275.758,85135.11
115,42000.0,72000.0,51465.574,79122.234
116,42000.0,72000.0,46524.098,81690.03
118,42000.0,85000.0,52321.902,89777.836
120,42000.0,75000.0,53674.723,92349.24
122,42000.0,79000.0,46848.65,87453.15
123,42000.0,67000.0,52321.902,89777.836
124,42000.0,67000.0,53420.66,92221.93
125,42000.0,79000.0,47002.793,83876.58
126,42000.0,79000.0,43430.17,79705.766
127,42000.0,69000.0,45201.297,74969.44
128,42000.0,75000.0,42709.402,75109.67
129,43000.0,83000.0,48995.47,85050.55
130,43000.0,79000.0,49297.59,83896.63
131,43000.0,75000.0,51557.668,87694.85
132,43000.0,80000.0,44668.81,80104.66
133,43000.0,72000.0,43589.566,70036.625
134,43000.0,77000.0,46434.51,85136.8
135,43000.0,72000.0,55003.613,88474.914
136,43000.0,69000.0,44466.73,77104.1
137,43000.0,67000.0,47552.77,78975.15
138,43000.0,71000.0,52075.98,91566.86
139,43000.0,70000.0,52075.98,91566.86
140,43000.0,78000.0,49293.902,86158.91
141,43000.0,70000.0,42564.36,70748.38
142,43000.0,73000.0,50160.87,88169.95
143,43000.0,70000.0,46380.816,78173.664
144,43000.0,128000.0,42991.395,92808.484
145,43000.0,70000.0,50506.6,86183.31
146,43000.0,71000.0,50576.38,84741.01
148,43000.0,71000.0,47039.45,86478.4
149,43000.0,71000.0,55780.754,95749.42
150,44000.0,79000.0,48882.477,84777.63
151,44000.0,81000.0,56492.69,94372.38
152,44000.0,67000.0,43220.74,67108.95
153,44000.0,66000.0,47765.734,74634.91
154,44000.0,70000.0,51545.76,85313.336
155,44000.0,81000.0,51918.227,94606.36
156,44000.0,84000.0,49953.105,85028.94
157,44000.0,71000.0,48503.21,76323.49
158,44000.0,78000.0,54485.6,92886.39
159,44000.0,79000.0,44826.082,82880.1
160,44000.0,80000.0,54536.715,90514.49
161,44000.0,70000.0,46875.992,74412.14
162,44000.0,79000.0,48611.63,87136.82
163,44000.0,69000.0,51475.46,86811.39
164,44000.0,73000.0,50959.785,89610.92
165,44000.0,77000.0,54065.934,91522.695
168,44000.0,78000.0,47002.793,83876.58
169,44000.0,79000.0,45635.56,77084.4
170,44000.0,71000.0,52020.883,88921.086
171,44000.0,83000.0,49970.8,87673.49
172,44000.0,80000.0,44441.523,73563.17
174,44000.0,85000.0,44248.6,86291.01
175,44000.0,77000.0,48995.47,85050.55
177,45000.0,76000.0,49904.1,78951.6
178,45000.0,86000.0,47098.63,80066.445
179,45000.0,83000.0,49842.625,85277.734
180,45000.0,71000.0,44649.71,70466.22
181,45000.0,75000.0,44214.51,76424.445
182,45000.0,66000.0,57183.21,94662.96
183,45000.0,82000.0,46600.72,75734.55
184,45000.0,71000.0,50962.62,86517.8
185,45000.0,76000.0,52074.62,90947.01
187,45000.0,82000.0,47002.793,83876.58
188,45000.0,68000.0,53275.664,91733.555
189,45000.0,90000.0,51045.664,90553.52
190,45000.0,67000.0,40487.965,67091.28
191,45000.0,80000.0,43182.91,70010.06
192,45000.0,71000.0,52656.36,90683.29
193,45000.0,75000.0,45252.258,77061.0
194,45000.0,80000.0,47002.793,83876.58
195,45000.0,66000.0,45553.062,78494.8
196,45000.0,69000.0,52020.883,88921.086
197,45000.0,87000.0,48174.28,86630.63
198,45000.0,66000.0,44916.6,69266.3
200,45000.0,68000.0,53884.008,87532.836
201,45000.0,62000.0,50130.387,81249.21
202,45000.0,68000.0,47687.555,73646.47
204,45000.0,75000.0,47942.418,75552.09
205,45000.0,68000.0,54333.184,89171.64
207,46000.0,87000.0,50227.336,90955.086
208,46000.0,77000.0,46601.17,82350.62
209,46000.0,79000.0,45527.19,84410.875
210,46000.0,74000.0,52393.02,91329.11
211,46000.0,74000.0,51899.8,88320.59
212,46000.0,84000.0,60380.594,99303.94
213,46000.0,95000.0,48882.477,84777.63
214,46000.0,71000.0,46907.305,74474.14
215,46000.0,85000.0,43186.363,74214.36
216,46000.0,74000.0,47548.31,78652.766
218,46000.0,98000.0,47778.57,86560.86
219,46000.0,75000.0,45371.816,73746.64
220,46000.0,84000.0,48978.113,85788.64
221,46000.0,70000.0,51475.46,86811.39
222,46000.0,85000.0,47494.598,83795.84
223,46000.0,74000.0,43053.5,74635.32
224,46000.0,74000.0,49297.59,83896.63
225,46000.0,81000.0,55317.99,92091.54
227,46000.0,73000.0,46212.91,83741.64
228,46000.0,84000.0,48707.22,82960.14
229,46000.0,89000.0,52925.297,86594.87
230,46000.0,73000.0,54611.547,93102.46
232,46000.0,75000.0,47202.64,79236.125
234,46000.0,89000.0,44946.11,84714.83
235,46000.0,86000.0,54521.258,92686.38
236,46000.0,98000.0,48110.465,84205.266
237,46000.0,79000.0,50645.156,85267.375
238,46000.0,81000.0,57183.21,94662.96
239,46000.0,84000.0,47074.547,86687.2
240,46000.0,74000.0,44272.402,81626.19
241,46000.0,87000.0,47488.203,79591.13
242,46000.0,79000.0,48852.96,94817.7
243,46000.0,83000.0,48320.5,83515.45
244,46000.0,84000.0,46903.062,85266.96
245,46000.0,73000.0,47552.77,78975.15
246,46000.0,73000.0,52032.902,88208.086
247,46000.0,72000.0,50910.37,88919.14
248,47000.0,76000.0,50023.91,83082.4
249,47000.0,75000.0,52529.18,92085.99
250,47000.0,80000.0,45278.676,81879.88
251,47000.0,90000.0,42012.24,74962.45
252,47000.0,85000.0,47281.934,81845.96
253,47000.0,77000.0,54209.902,91681.8
254,47000.0,84000.0,47503.367,82743.14
255,47000.0,85000.0,48935.117,86662.78
256,47000.0,81000.0,48879.05,82049.08
257,47000.0,97000.0,48073.906,90487.305
259,47000.0,79000.0,53348.285,92723.37
260,47000.0,89000.0,35848.324,78589.45
261,47000.0,82000.0,46324.824,82350.266
262,47000.0,79000.0,47786.79,84684.91
263,47000.0,89000.0,55869.023,95795.64
264,47000.0,76000.0,48383.926,85817.805
265,47000.0,96000.0,49687.723,83713.414
266,47000.0,84000.0,50698.023,88201.875
267,47000.0,77000.0,51623.89,89946.62
268,47000.0,82000.0,55758.086,93025.945
269,47000.0,70000.0,47548.31,78652.766
270,47000.0,89000.0,47205.13,90244.65
271,47000.0,84000.0,48314.836,82158.12
272,47000.0,76000.0,52321.902,89777.836
273,47000.0,82000.0,42911.18,79806.125
274,47000.0,85000.0,50319.35,85789.195
275,47000.0,100000.0,47778.57,86560.86
277,47000.0,76000.0,50414.625,87856.055
278,47000.0,80000.0,50074.246,87009.34
279,47000.0,94000.0,47159.49,82718.1
280,47000.0,84000.0,34274.574,71496.19
282,48000.0,84000.0,54215.637,99005.78
283,48000.0,75000.0,52212.547,90216.14
284,48000.0,77000.0,39587.586,72420.36
285,48000.0,88000.0,49985.44,88249.31
286,48000.0,84000.0,44430.836,80301.62
287,48000.0,84000.0,44430.836,80301.62
289,48000.0,79000.0,49069.957,86554.8
290,48000.0,97000.0,47310.043,84115.09
291,48000.0,87000.0,48595.273,81978.805
292,48000.0,79000.0,54923.03,90257.14
293,48000.0,89000.0,48611.63,87136.82
295,48000.0,79000.0,50026.633,79557.0
296,48000.0,81000.0,47047.953,79541.83
297,48000.0,73000.0,49069.957,86554.8
298,48000.0,72000.0,52020.883,88921.086
299,48000.0,76000.0,52014.785,89623.875
300,48000.0,74000.0,52035.844,90108.29
302,48000.0,74000.0,48318.223,80827.63
304,48000.0,97000.0,50139.184,98095.31
305,48000.0,94000.0,49663.3,84717.18
306,48000.0,88000.0,49706.125,83362.19
307,48000.0,99000.0,48877.496,96135.82
308,48000.0,90000.0,49605.004,86992.46
309,48000.0,87000.0,53598.805,91255.23
310,48000.0,85000.0,48781.887,98212.7
311,48000.0,77000.0,46814.16,72447.445
312,48000.0,81000.0,50319.35,85789.195
313,48000.0,87000.0,54018.977,93938.68
314,48000.0,87000.0,49605.004,86992.46
315,48000.0,87000.0,45032.543,75865.41
316,48000.0,87000.0,52987.598,88977.95
318,48000.0,73000.0,46384.504,78788.57
319,48000.0,80000.0,54444.74,90157.73
320,48000.0,79000.0,49069.957,86554.8
323,48000.0,83000.0,52168.324,91690.805
324,48000.0,89000.0,47998.918,81065.31
325,48000.0,101000.0,51557.668,87694.85
327,48000.0,80000.0,49706.125,83362.19
328,48000.0,95000.0,49334.56,85366.95
329,48000.0,89000.0,46668.477,80602.19
330,48000.0,86000.0,52310.516,89137.05
331,48000.0,89000.0,47998.918,81065.31
332,48000.0,84000.0,48995.47,85050.55
333,48000.0,81000.0,50318.586,80048.5
335,48000.0,93000.0,46783.074,80034.75
336,48000.0,96000.0,52710.625,94342.484
338,49000.0,86000.0,51498.37,88203.46
339,49000.0,87000.0,48606.836,86352.24
340,49000.0,92000.0,52035.844,90108.29
341,49000.0,93000.0,50070.477,88138.35
342,49000.0,88000.0,52967.934,99306.35
343,49000.0,94000.0,49760.48,91624.79
344,49000.0,82000.0,48995.47,85050.55
345,49000.0,88000.0,48561.65,82666.35
346,49000.0,86000.0,48753.78,83886.89
347,49000.0,84000.0,45319.805,81626.19
348,49000.0,93000.0,51383.87,89185.82
349,49000.0,78000.0,52241.926,80331.57
350,49000.0,88000.0,32795.254,74385.51
351,49000.0,82000.0,51375.855,86185.98
352,49000.0,80000.0,51623.15,89917.88
354,49000.0,86000.0,49545.184,85926.305
355,49000.0,89000.0,55171.746,92122.19
357,49000.0,79000.0,52857.523,84931.625
358,49000.0,94000.0,49335.227,87415.164
359,49000.0,76000.0,51611.516,84664.945
360,49000.0,78000.0,52559.184,89278.88
361,49000.0,79000.0,47019.19,78821.805
362,49000.0,78000.0,48017.086,81987.38
363,49000.0,79000.0,48843.41,82569.234
364,49000.0,74000.0,48473.54,73233.34
365,49000.0,77000.0,50910.37,88919.14
367,49000.0,77000.0,51899.8,88320.59
368,49000.0,82000.0,52119.867,82945.12
369,50000.0,84000.0,49634.81,87352.13
370,50000.0,101000.0,52495.902,94065.3
371,50000.0,78000.0,52014.785,89782.08
372,50000.0,77000.0,52014.785,89623.875
373,50000.0,82000.0,48713.78,79772.5
374,50000.0,87000.0,49275.758,81034.68
375,50000.0,72000.0,48995.47,85050.55
376,50000.0,88000.0,51383.87,89185.82
377,50000.0,84000.0,46192.64,80721.16
378,50000.0,85000.0,50906.426,86872.086
379,50000.0,92000.0,51023.344,85966.375
380,50000.0,73000.0,46315.7,82829.95
381,50000.0,84000.0,50388.094,85489.34
382,50000.0,98000.0,49275.758,85135.11
383,50000.0,79000.0,48261.965,95753.93
384,50000.0,89000.0,47029.21,83402.35
385,50000.0,107000.0,50903.883,105723.58
386,50000.0,75000.0,48110.465,84205.266
387,50000.0,78000.0,49478.414,79919.11
388,50000.0,74000.0,52559.184,89278.88
389,50000.0,80000.0,46720.22,80820.67
390,50000.0,90000.0,51173.227,85619.91
391,50000.0,91000.0,49930.375,84063.17
392,50000.0,83000.0,54152.938,91436.266
393,50000.0,86000.0,59674.797,95516.78
395,50000.0,85000.0,50424.836,88084.24
396,50000.0,82000.0,50892.215,87578.24
397,50000.0,94000.0,50184.51,85897.18
398,50000.0,87000.0,57030.277,93542.23
399,50000.0,91000.0,51494.08,90753.91
401,50000.0,97000.0,48882.477,84777.63
402,50000.0,77000.0,53027.332,91412.984
403,50000.0,108000.0,51899.8,88320.59
404,50000.0,92000.0,48224.273,87349.195
406,50000.0,78000.0,49502.973,87593.836
407,50000.0,81000.0,50078.145,84703.17
408,50000.0,80000.0,48174.28,86630.63
409,50000.0,80000.0,49382.145,81391.516
411,50000.0,92000.0,53992.86,85205.35
412,50000.0,97000.0,48882.477,84777.63
413,51000.0,107000.0,47093.95,85186.87
414,51000.0,89000.0,52035.844,90108.29
415,51000.0,86000.0,51107.883,89651.55
416,51000.0,108000.0,54315.766,89266.34
417,51000.0,98000.0,51311.31,98005.47
418,51000.0,92000.0,49521.387,95590.69
419,51000.0,92000.0,56482.3,96859.61
420,51000.0,86000.0,54268.516,92839.62
421,51000.0,90000.0,51499.137,88337.25
422,51000.0,87000.0,51868.04,88445.56
423,51000.0,88000.0,51468.28,84614.83
424,51000.0,79000.0,47098.63,80066.445
425,51000.0,88000.0,48224.336,81357.195
427,51000.0,93000.0,54249.49,95167.83
428,51000.0,77000.0,48473.54,73233.34
429,51000.0,75000.0,53598.805,91255.23
430,51000.0,83000.0,49433.57,83923.734
431,51000.0,95000.0,53320.58,92382.38
432,51000.0,86000.0,49238.844,82381.39
433,51000.0,78000.0,53231.035,85843.0
434,51000.0,79000.0,51358.324,83520.08
435,51000.0,86000.0,44994.133,89606.17
437,51000.0,77000.0,59612.145,93586.734
438,51000.0,81000.0,52737.484,81447.54
439,51000.0,85000.0,51274.48,86889.375
440,51000.0,84000.0,48088.387,84642.42
441,51000.0,86000.0,52935.145,86541.72
442,51000.0,97000.0,52758.816,93281.49
443,51000.0,89000.0,49823.598,89426.82
444,51000.0,97000.0,53456.74,89000.664
446,51000.0,81000.0,48827.855,81593.94
447,51000.0,77000.0,51469.34,76873.62
448,51000.0,84000.0,47210.055,77905.69
449,51000.0,89000.0,49737.05,84776.43
450,51000.0,78000.0,45319.805,81626.19
451,51000.0,87000.0,51961.355,89477.49
452,51000.0,78000.0,49834.242,80490.06
454,51000.0,86000.0,49173.13,85925.58
455,51000.0,86000.0,46214.086,79261.84
457,51000.0,83000.0,48935.117,86662.78
458,51000.0,86000.0,49297.59,83896.63
460,52000.0,95000.0,50655.707,89416.23
461,52000.0,77000.0,51352.88,86929.99
462,52000.0,88000.0,54981.91,91287.21
463,52000.0,94000.0,49173.13,85925.58
464,52000.0,81000.0,47281.934,77150.76
465,52000.0,84000.0,55571.566,94232.836
466,52000.0,94000.0,54505.17,96219.31
467,52000.0,85000.0,46907.305,74474.14
469,52000.0,93000.0,51615.844,92168.74
470,52000.0,87000.0,49426.0,84936.97
471,52000.0,96000.0,46866.074,84205.266
473,52000.0,110000.0,50372.742,106253.54
474,52000.0,89000.0,52281.69,92365.48
475,52000.0,98000.0,46839.457,84788.07
476,52000.0,107000.0,48756.914,87426.484
477,52000.0,97000.0,51220.215,90258.63
478,52000.0,91000.0,51961.355,89477.49
479,52000.0,98000.0,52311.93,94606.5
480,52000.0,98000.0,52059.777,89912.47
482,52000.0,97000.0,53433.895,92063.22
483,52000.0,88000.0,49498.363,84882.99
485,52000.0,97000.0,54142.24,91057.086
486,52000.0,90000.0,55126.023,96377.21
487,52000.0,97000.0,51899.8,88320.59
488,52000.0,98000.0,46600.582,79552.75
489,52000.0,97000.0,56552.14,98285.48
490,52000.0,86000.0,50023.91,84754.3
491,52000.0,98000.0,50216.777,93901.11
494,52000.0,95000.0,54144.07,94703.3
495,52000.0,95000.0,48174.28,86630.63
496,53000.0,84000.0,52014.785,89623.875
497,53000.0,86000.0,57523.832,93549.016
498,53000.0,98000.0,52230.832,100336.77
499,53000.0,85000.0,49131.207,85157.47
500,53000.0,78000.0,57709.08,93060.14
501,53000.0,93000.0,49164.492,88053.875
502,53000.0,93000.0,54634.977,98516.29
503,53000.0,90000.0,52035.844,90108.29
504,53000.0,89000.0,50184.51,85897.18
505,53000.0,99000.0,46501.258,82067.29
506,53000.0,84000.0,56958.22,91785.87
507,53000.0,84000.0,51420.754,95207.945
508,53000.0,84000.0,54379.855,87578.06
510,53000.0,97000.0,46375.15,86891.23
512,53000.0,101000.0,45415.098,85126.04
513,53000.0,100000.0,46170.016,81840.29
514,53000.0,95000.0,52075.98,91566.86
515,53000.0,97000.0,53353.68,95092.586
516,53000.0,96000.0,53299.71,95246.05
517,53000.0,84000.0,52620.7,89525.38
518,53000.0,107000.0,46792.703,87553.516
519,53000.0,99000.0,50623.758,84889.59
520,53000.0,94000.0,34234.164,63442.4
522,53000.0,93000.0,54977.605,98137.88
525,53000.0,81000.0,50704.523,82422.6
528,53000.0,109000.0,51368.28,86834.766
529,53000.0,91000.0,49140.918,81142.664
530,53000.0,94000.0,52003.19,90852.17
533,53000.0,95000.0,47831.96,88908.31
534,53000.0,85000.0,50043.902,85008.766
536,53000.0,84000.0,54142.24,91057.086
537,54000.0,80000.0,51465.574,79122.234
538,54000.0,85000.0,55329.082,94379.99
539,54000.0,84000.0,54214.715,93390.62
540,54000.0,80000.0,49605.004,86992.46
541,54000.0,91000.0,55650.777,94175.91
542,54000.0,79000.0,55666.312,81996.086
543,54000.0,97000.0,52036.668,92987.94
544,54000.0,89000.0,53769.266,90975.36
545,54000.0,78000.0,55672.656,87975.52
546,54000.0,86000.0,56218.34,94393.73
547,54000.0,95000.0,51899.8,88320.59
548,54000.0,84000.0,52452.383,80458.45
549,54000.0,78000.0,47159.49,82718.1
550,54000.0,87000.0,53954.027,86381.84
551,54000.0,83000.0,54984.016,85178.7
555,54000.0,96000.0,57315.348,94989.76
556,54000.0,114000.0,55912.27,111783.09
557,54000.0,110000.0,48611.63,87136.82
558,54000.0,109000.0,51899.8,88320.59
559,54000.0,114000.0,35726.566,63980.594
560,54000.0,93000.0,57059.05,92242.91
561,55000.0,99000.0,54343.008,92894.99
563,55000.0,110000.0,52529.18,92085.99
564,55000.0,80000.0,50997.17,87866.875
565,55000.0,94000.0,48503.21,76323.49
566,55000.0,97000.0,54335.7,96639.82
567,55000.0,85000.0,49934.29,82478.945
568,55000.0,83000.0,51383.87,89185.82
569,55000.0,104000.0,52262.67,101655.16
570,55000.0,94000.0,53215.094,89252.54
571,55000.0,92000.0,55929.195,94368.81
572,55000.0,87000.0,50046.78,86103.26
573,55000.0,97000.0,71948.54,101657.25
575,55000.0,94000.0,52321.902,89777.836
577,55000.0,84000.0,59714.938,90961.85
578,55000.0,92000.0,52020.367,97384.37
579,55000.0,110000.0,54650.098,107379.05
581,55000.0,83000.0,50888.492,82036.445
582,55000.0,86000.0,54770.24,85342.22
584,55000.0,82000.0,56192.67,90370.41
585,55000.0,88000.0,48882.477,85196.93
586,55000.0,95000.0,53602.375,87877.234
587,56000.0,97000.0,49605.004,86992.46
588,56000.0,92000.0,59414.105,97237.45
589,56000.0,99000.0,52035.844,90108.29
590,56000.0,84000.0,52563.938,85425.02
591,56000.0,80000.0,52622.992,88553.086
592,56000.0,103000.0,55079.82,102524.414
593,56000.0,87000.0,50357.914,94076.58
595,56000.0,105000.0,54530.37,89364.234
596,56000.0,92000.0,55758.086,93025.945
597,56000.0,95000.0,53276.05,93571.99
598,56000.0,103000.0,51682.67,90288.79
599,56000.0,87000.0,51632.836,86230.66
600,56000.0,97000.0,57109.344,94135.53
601,56000.0,92000.0,54984.195,92731.64
602,56000.0,97000.0,53598.805,95302.64
603,56000.0,92000.0,57293.047,94554.98
604,56000.0,89000.0,50888.984,103243.75
605,56000.0,92000.0,54984.195,92731.64
606,56000.0,101000.0,50218.49,87620.06
607,56000.0,101000.0,61126.33,106791.28
609,56000.0,100000.0,52845.125,92645.11
610,56000.0,91000.0,61327.477,87566.445
611,56000.0,84000.0,51072.457,86409.81
613,56000.0,83000.0,48975.203,78284.38
614,57000.0,83000.0,50394.934,83312.23
615,57000.0,97000.0,59960.55,102782.32
616,57000.0,92000.0,50675.6,82825.43
617,57000.0,105000.0,62495.258,107377.83
618,57000.0,97000.0,52101.066,87541.67
619,57000.0,95000.0,59212.934,101131.38
620,57000.0,97000.0,52725.14,89160.42
621,57000.0,95000.0,54786.047,81647.64
622,57000.0,89000.0,58233.316,92891.92
623,57000.0,107000.0,54839.797,96524.19
624,57000.0,87000.0,59477.465,90493.29
625,57000.0,100000.0,46872.113,98281.3
628,57000.0,90000.0,57042.742,99784.445
629,57000.0,92000.0,57202.562,92533.164
630,57000.0,91000.0,59212.934,101131.38
631,58000.0,87000.0,52250.668,85078.89
632,58000.0,100000.0,57203.613,97161.586
633,58000.0,110000.0,52747.44,93398.18
634,58000.0,101000.0,56954.84,95452.14
635,58000.0,95000.0,48758.414,77787.0
636,58000.0,106000.0,50568.223,87783.016
637,58000.0,85000.0,63706.207,109097.055
638,58000.0,86000.0,54514.254,86726.93
639,58000.0,85000.0,57474.535,89430.2
640,58000.0,97000.0,50054.87,88449.7
642,58000.0,99000.0,55334.098,91144.27
643,58000.0,103000.0,52560.332,89076.19
644,58000.0,98000.0,54444.74,90157.73
645,58000.0,91000.0,49480.38,85948.95
646,58000.0,102000.0,50568.223,87783.016
647,58000.0,85000.0,53427.734,89093.17
648,59000.0,108000.0,55293.254,93562.086
649,59000.0,110000.0,49702.1,104340.79
650,59000.0,95000.0,45562.543,78760.75
651,59000.0,96000.0,50315.453,85969.01
652,59000.0,110000.0,50511.125,94073.32
653,59000.0,106000.0,57986.734,97799.734
654,59000.0,95000.0,50645.156,85267.375
655,59000.0,96000.0,53382.91,93842.92
656,59000.0,93000.0,53907.68,95502.85
657,59000.0,96000.0,51383.87,89185.82
659,59000.0,104000.0,52326.258,86589.266
660,59000.0,87000.0,58405.76,86205.82
661,59000.0,99000.0,52075.98,91566.86
662,59000.0,86000.0,56259.523,88361.516
663,59000.0,111000.0,59762.6,121537.02
664,59000.0,100000.0,53188.258,92239.13
665,59000.0,116000.0,49069.957,86554.8
666,59000.0,85000.0,54875.28,90402.15
667,59000.0,102000.0,52566.48,89263.41
668,59000.0,99000.0,53686.203,89917.58
670,59000.0,110000.0,59483.812,107948.71
671,59000.0,112000.0,55302.14,101497.055
672,59000.0,99000.0,62494.82,106485.44
673,59000.0,86000.0,51870.027,79717.29
674,59000.0,89000.0,53097.957,86253.98
677,60000.0,90000.0,52014.785,89623.875
678,60000.0,99000.0,51494.08,90753.91
679,60000.0,80000.0,56635.844,79474.77
680,60000.0,94000.0,55752.707,91999.555
681,60000.0,96000.0,41316.348,68183.195
682,60000.0,95000.0,55924.06,89916.625
683,60000.0,114000.0,58999.504,109526.92
684,60000.0,102000.0,52014.785,89782.08
685,60000.0,124000.0,57183.21,94662.96
686,60000.0,114000.0,54345.77,106633.72
687,60000.0,114000.0,51383.87,89185.82
688,60000.0,92000.0,61241.82,93412.76
689,60000.0,94000.0,54031.63,82529.73
690,60000.0,105000.0,48995.47,85050.55
691,60000.0,101000.0,50130.387,81249.21
692,60000.0,109000.0,60537.074,108614.65
693,60000.0,101000.0,49605.004,86992.46
695,60000.0,100000.0,51899.8,88320.59
696,60000.0,104000.0,51899.8,88320.59
698,60000.0,92000.0,53101.02,88188.05
700,60000.0,109000.0,53909.14,93525.18
701,60000.0,114000.0,57854.855,98388.164
702,60000.0,93000.0,54514.41,90127.66
703,60000.0,106000.0,57802.082,99628.734
704,61000.0,113000.0,58562.97,108248.46
705,61000.0,115000.0,52753.83,100624.74
706,61000.0,106000.0,53228.61,96642.47
707,61000.0,113000.0,55313.113,92029.29
708,61000.0,105000.0,61322.414,105034.39
709,61000.0,106000.0,57718.96,96348.625
710,61000.0,95000.0,61110.324,93721.73
711,61000.0,91000.0,61189.477,98258.28
712,61000.0,110000.0,60525.164,109323.61
713,61000.0,105000.0,56841.605,94143.47
714,61000.0,90000.0,53978.31,80093.734
717,61000.0,113000.0,51369.27,88118.23
718,61000.0,92000.0,55455.29,93155.766
719,61000.0,84000.0,57116.344,94447.125
721,61000.0,111000.0,50440.062,82360.305
722,62000.0,110000.0,57042.742,99784.445
723,62000.0,109000.0,54343.008,92894.99
724,62000.0,114000.0,54168.51,94112.23
725,62000.0,110000.0,53188.258,92239.13
726,62000.0,90000.0,52559.184,89278.88
727,62000.0,105000.0,55533.56,95042.38
728,62000.0,96000.0,48882.477,84777.63
729,62000.0,105000.0,52321.902,89777.836
730,62000.0,105000.0,50902.004,85004.87
731,62000.0,100000.0,61034.38,101069.69
732,62000.0,93000.0,50319.35,85789.195
733,62000.0,129000.0,56453.05,113214.734
734,62000.0,114000.0,56726.09,104327.375
736,62000.0,82000.0,49157.85,84282.414
738,63000.0,116000.0,53273.56,99480.64
739,63000.0,110000.0,56985.113,103589.43
740,63000.0,97000.0,53095.027,85181.805
741,63000.0,98000.0,62051.016,104113.75
742,63000.0,104000.0,51899.8,88320.59
743,63000.0,109000.0,62678.043,103140.45
744,63000.0,109000.0,60067.98,100646.695
746,64000.0,97000.0,57523.832,93549.016
747,64000.0,134000.0,54020.293,92023.45
748,64000.0,101000.0,50568.223,87783.016
749,64000.0,112000.0,52545.38,83048.125
750,64000.0,105000.0,58822.098,98311.23
751,64000.0,97000.0,55925.777,90307.84
752,64000.0,100000.0,55432.74,91502.586
753,65000.0,111000.0,44143.207,77080.45
754,65000.0,108000.0,64108.324,110610.6
755,65000.0,101000.0,61523.836,98416.234
756,65000.0,83000.0,54189.6,85622.02
757,65000.0,93000.0,61262.88,88706.63
758,65000.0,99000.0,60891.293,92812.79
759,65000.0,113000.0,55828.645,97980.78
760,65000.0,115000.0,62145.285,105391.29
761,65000.0,118000.0,61080.816,110120.125
763,65000.0,100000.0,58233.316,92891.92
764,65000.0,113000.0,57030.277,93542.23
765,65000.0,119000.0,49893.22,87057.81
767,65000.0,96000.0,52014.785,89782.08
768,65000.0,103000.0,60190.625,96876.94
769,65000.0,114000.0,62566.375,103538.164
770,66000.0,112000.0,55828.645,97980.78
771,66000.0,91000.0,55843.254,89219.73
772,66000.0,102000.0,52254.105,89515.164
773,66000.0,99000.0,60632.0,97026.55
774,66000.0,123000.0,58358.945,101391.96
775,66000.0,119000.0,63477.266,105963.26
776,66000.0,105000.0,63082.574,101430.234
777,66000.0,105000.0,58505.914,96345.07
778,67000.0,109000.0,62324.53,102579.14
779,67000.0,122000.0,49605.004,86992.46
780,67000.0,125000.0,50013.965,87722.55
781,67000.0,118000.0,46616.402,108123.38
782,67000.0,108000.0,59284.293,97274.984
783,67000.0,106000.0,50319.35,85789.195
784,67000.0,129000.0,52014.785,89623.875
785,67000.0,103000.0,47888.53,76444.67
786,67000.0,109000.0,68130.195,106814.23
787,67000.0,116000.0,57192.574,97229.38
788,68000.0,92000.0,60180.477,95559.73
789,68000.0,118000.0,50711.297,84277.7
790,68000.0,106000.0,53807.55,89137.05
791,68000.0,110000.0,63538.75,99215.77
792,68000.0,117000.0,57442.11,97623.26
793,68000.0,115000.0,60535.61,99838.16
794,68000.0,106000.0,52310.516,89137.05
795,68000.0,142000.0,53296.36,97922.45
797,68000.0,124000.0,48208.977,70959.56
798,68000.0,118000.0,61088.836,102647.016
799,68000.0,109000.0,55329.082,94379.99
800,68000.0,141000.0,53303.098,100516.76
801,68000.0,100000.0,57293.047,94554.98
803,68000.0,98000.0,59642.215,93453.76
804,68000.0,92000.0,68372.83,93201.43
806,68000.0,109000.0,63182.33,101058.08
808,69000.0,113000.0,54152.938,91436.266
809,69000.0,142000.0,66236.98,123913.305
810,69000.0,115000.0,60177.707,100452.08
811,69000.0,124000.0,69408.125,109601.96
812,69000.0,130000.0,54047.758,92130.61
814,70000.0,113000.0,54369.6,90359.2
815,70000.0,113000.0,67361.56,108775.15
816,70000.0,94000.0,65732.25,83659.445
817,70000.0,106000.0,57254.21,97875.695
818,70000.0,121000.0,62685.02,108862.79
819,70000.0,116000.0,57315.348,94989.76
820,70000.0,113000.0,69043.02,113935.42
822,71000.0,106000.0,65219.426,103038.414
823,71000.0,107000.0,62691.664,102219.52
824,71000.0,111000.0,66647.64,82937.64
825,71000.0,103000.0,46184.215,100564.92
826,71000.0,107000.0,54457.88,90667.76
827,72000.0,114000.0,63610.293,105051.97
828,72000.0,106000.0,59674.797,95516.78
829,72000.0,115000.0,50906.426,86872.086
830,72000.0,115000.0,55317.99,92091.54
831,72000.0,140000.0,60635.49,102596.47
833,73000.0,107000.0,50013.965,87722.55
834,73000.0,115000.0,58925.703,91992.14
835,73000.0,122000.0,58760.66,95481.445
836,73000.0,120000.0,54020.293,92023.45
837,73000.0,151000.0,70071.766,130324.0
